{
  "event_count_1h": {
    "mean": 1.3896,
    "std": 1.9438537891288403
  },
  "event_count_24h": {
    "mean": 10.1108,
    "std": 45.42477303587956
  },
  "metric_mean_24h": {
    "mean": 321.9831928035136,
    "std": 1760.0329419999775
  },
  "metric_std_24h": {
    "mean": 1269.497118397965,
    "std": 2624.551211431947
  },
  "metric_z_24h": {
    "mean": -0.0005681716028335816,
    "std": 0.20603920976092086
  },
  "delta_1": {
    "mean": -0.7374055300546527,
    "std": 612.925261021434
  },
  "pct_change_1h": {
    "mean": -0.021235934965594123,
    "std": 5.032643388383767
  },
  "pct_change_24h": {
    "mean": 0.04568757304291757,
    "std": 6.596892699883588
  },
  "time_since_last_event_seconds": {
    "mean": 50961.69961162332,
    "std": 71755.45090677378
  },
  "amount_diff_1": {
    "mean": -0.7374055300546527,
    "std": 612.925261021434
  },
  "amount_diff_2": {
    "mean": 4.791427650273229,
    "std": 670.8922149278735
  },
  "hour_of_day": {
    "mean": 10.6688,
    "std": 5.763761857515422
  },
  "day_of_week": {
    "mean": 2.6288,
    "std": 1.797792249230756
  },
  "sin_hourly": {
    "mean": -0.010917396690350148,
    "std": 0.6938806695630922
  },
  "cos_hourly": {
    "mean": 0.045102113490309736,
    "std": 0.718732102704963
  },
  "sin_daily": {
    "mean": -0.18397753039898468,
    "std": 0.7438333031724507
  },
  "cos_daily": {
    "mean": -0.1478328756706534,
    "std": 0.6254587305267224
  }
}